ID,Type,SKU,Name,Published,"Is featured?","Visibility in catalog","Short description",Description,"Date sale price starts","Date sale price ends","Tax status","Tax class","In stock?",Stock,"Low stock amount","Backorders allowed?","Sold individually?","Weight (kg)","Length (cm)","Width (cm)","Height (cm)","Allow customer reviews?","Purchase note","Sale price","Regular price",Categories,Tags,"Shipping class",Images,"Download limit","Download expiry days",Parent,"Grouped products",Upsells,Cross-sells,"External URL","Button text",Position,"Attribute 1 name","Attribute 1 value(s)","Attribute 1 visible","Attribute 1 global","Attribute 1 default","Attribute 2 name","Attribute 2 value(s)","Attribute 2 visible","Attribute 2 global","Attribute 2 default","Attribute 3 name","Attribute 3 value(s)","Attribute 3 visible","Attribute 3 global","Meta: _wp_page_template","Meta: woodmart_sguide_select","Meta: woodmart_price_unit_of_measure","Meta: woodmart_total_stock_quantity","Meta: _product_360_image_gallery","Meta: _woodmart_whb_header","Meta: _woodmart_main_layout","Meta: _woodmart_sidebar_width","Meta: _woodmart_custom_sidebar","Meta: _woodmart_new_label","Meta: _woodmart_new_label_date","Meta: _woodmart_swatches_attribute","Meta: _woodmart_related_off","Meta: _woodmart_exclude_show_single_variation","Meta: _woodmart_product_video","Meta: _woodmart_product_hashtag","Meta: _woodmart_single_product_style","Meta: _woodmart_thums_position","Meta: _woodmart_extra_content","Meta: _woodmart_extra_position","Meta: _woodmart_product_design","Meta: _woodmart_product-background","Meta: _woodmart_hide_tabs_titles","Meta: _woodmart_product_custom_tab_title","Meta: _woodmart_product_custom_tab_content_type","Meta: _woodmart_product_custom_tab_content","Meta: _woodmart_product_custom_tab_html_block","Meta: _woodmart_product_custom_tab_title_2","Meta: _woodmart_product_custom_tab_content_type_2","Meta: _woodmart_product_custom_tab_content_2","Meta: _woodmart_product_custom_tab_html_block_2","Meta: wcbvp_variations_data_override","Meta: wcbvp_variations_data_enable","Meta: wd_additional_variation_images_data","Meta: _relevanssi_noindex_reason","Meta: rs_page_bg_color"
9152,"simple, virtual",,"Wallet Topup",0,0,hidden,,"Auto generated product for wallet recharge please do not delete or update.",,,taxable,,1,,,0,1,,,,,0,,,,Men,,,,,,,,,,,,0,,,,,,,,,,,,,,,,,,,,,,,,,,,,,,,,,,,,,,,,,,,,,,,,,
9233,variable,,"Adidas Men Shoes 001",1,0,visible,"Innovative and stylish footwear for athletes and fashion enthusiasts","Adidas, a renowned global brand, is synonymous with quality and innovation in footwear. Their shoes are crafted with cutting-edge technology, providing optimal comfort, support, and performance. From classic styles to trendy designs, Adidas caters to diverse preferences, making it a favourite among athletes, fashion enthusiasts, and casual wearers alike. Elevate your stride with Adidas shoes, a perfect blend of style and functionality for every step you take.",,,taxable,,1,20,,0,0,,,,,1,,,,"Adidas, Men, Sale, Under 1599, Women",,,"https://sarwadarifootwear.in/wp-content/uploads/2023/07/Adidas-Shoes-7.jpg, https://sarwadarifootwear.in/wp-content/uploads/2023/07/Adidas-Shoes-8.jpg",,,,,,,,,0,"UK Size","10, 11, 8, 9",1,1,8,Color,"Beige, Black, Blue, Brown, Yellow",1,1,Beige,Brand,Adidas,1,1,default,838,,,,none,default,default,none,,,,,,,,inherit,inherit,,after,inherit,,,,text,,,,text,,,1,1,,
9234,variation,,"Adidas Men Shoes 001",1,0,visible,,,,,taxable,parent,1,,,0,0,,,,,0,,1299,1599,,,,,,,id:9233,,,,,,21,"UK Size",8,,1,,Color,,,1,,,,,,,,,,,,,,,,,,,,,,,,,,,,,,,,,,,,,,,,
9235,variation,,"Adidas Men Shoes 001",1,0,visible,,,,,taxable,parent,1,,,0,0,,,,,0,,1299,1599,,,,,,,id:9233,,,,,,22,"UK Size",9,,1,,Color,,,1,,,,,,,,,,,,,,,,,,,,,,,,,,,,,,,,,,,,,,,,
9236,variation,,"Adidas Men Shoes 001",1,0,visible,,,,,taxable,parent,1,,,0,0,,,,,0,,1299,1599,,,,,,,id:9233,,,,,,23,"UK Size",10,,1,,Color,,,1,,,,,,,,,,,,,,,,,,,,,,,,,,,,,,,,,,,,,,,,
9237,variation,,"Adidas Men Shoes 001",1,0,visible,,,,,taxable,parent,1,,,0,0,,,,,0,,1299,1599,,,,,,,id:9233,,,,,,24,"UK Size",11,,1,,Color,,,1,,,,,,,,,,,,,,,,,,,,,,,,,,,,,,,,,,,,,,,,
9268,variable,,"Adidas Men Shoes 002",1,0,visible,"Innovative and stylish footwear for athletes and fashion enthusiasts","Adidas, a renowned global brand, is synonymous with quality and innovation in footwear. Their shoes are crafted with cutting-edge technology, providing optimal comfort, support, and performance. From classic styles to trendy designs, Adidas caters to diverse preferences, making it a favourite among athletes, fashion enthusiasts, and casual wearers alike. Elevate your stride with Adidas shoes, a perfect blend of style and functionality for every step you take.",,,taxable,,1,20,,0,0,,,,,1,,,,"Adidas, Men, Sale, Under 1599, Women",,,"https://sarwadarifootwear.in/wp-content/uploads/2023/07/Adidas-Shoes-3.jpg, https://sarwadarifootwear.in/wp-content/uploads/2023/07/Adidas-Shoes-4.jpg",,,,,,,,,0,"UK Size","10x6, 12x8, 8x8",1,1,,Brand,Adidas,1,1,,Color,"Beige, Black, Blue, Brown, Yellow",1,1,default,none,,,,none,default,default,none,,,,,,,,inherit,inherit,,after,inherit,,,,text,,,,text,,,,,,
9273,variable,,"Adidas Men Shoes 003",1,0,visible,"Innovative and stylish footwear for athletes and fashion enthusiasts","Adidas, a renowned global brand, is synonymous with quality and innovation in footwear. Their shoes are crafted with cutting-edge technology, providing optimal comfort, support, and performance. From classic styles to trendy designs, Adidas caters to diverse preferences, making it a favourite among athletes, fashion enthusiasts, and casual wearers alike. Elevate your stride with Adidas shoes, a perfect blend of style and functionality for every step you take.",,,taxable,,1,20,,0,0,,,,,1,,,,"Adidas, Men, Sale, Under 1599, Women",,,"https://sarwadarifootwear.in/wp-content/uploads/2023/07/Adidas-Shoes-5.jpg, https://sarwadarifootwear.in/wp-content/uploads/2023/07/Adidas-Shoes-6.jpg",,,,,,,,,0,"UK Size","10, 11, 8, 9",1,1,,Brand,Adidas,1,1,,,,,,default,none,,,,none,default,default,none,,,,,,,,inherit,inherit,,after,inherit,,,,text,,,,text,,,,,,
9274,variation,,"Adidas Men Shoes 003 - 8",1,0,visible,,,,,taxable,parent,1,,,0,0,,,,,0,,1099,1299,,,,,,,id:9273,,,,,,1,"UK Size",8,,1,,,,,,,,,,,,,,,,,,,,,,,,,,,,,,,,,,,,,,,,,,,,,WooCommerce
9275,variation,,"Adidas Men Shoes 003 - 9",1,0,visible,,,,,taxable,parent,1,,,0,0,,,,,0,,1099,1299,,,,,,,id:9273,,,,,,2,"UK Size",9,,1,,,,,,,,,,,,,,,,,,,,,,,,,,,,,,,,,,,,,,,,,,,,,WooCommerce
9276,variation,,"Adidas Men Shoes 003 - 10",1,0,visible,,,,,taxable,parent,1,,,0,0,,,,,0,,1099,1299,,,,,,,id:9273,,,,,,3,"UK Size",10,,1,,,,,,,,,,,,,,,,,,,,,,,,,,,,,,,,,,,,,,,,,,,,,WooCommerce
9277,variation,,"Adidas Men Shoes 003 - 11",1,0,visible,,,,,taxable,parent,1,,,0,0,,,,,0,,1099,1299,,,,,,,id:9273,,,,,,4,"UK Size",11,,1,,,,,,,,,,,,,,,,,,,,,,,,,,,,,,,,,,,,,,,,,,,,,WooCommerce
9278,variable,,"Adidas Men Shoes 004",1,0,visible,"Innovative and stylish footwear for athletes and fashion enthusiasts","Adidas, a renowned global brand, is synonymous with quality and innovation in footwear. Their shoes are crafted with cutting-edge technology, providing optimal comfort, support, and performance. From classic styles to trendy designs, Adidas caters to diverse preferences, making it a favourite among athletes, fashion enthusiasts, and casual wearers alike. Elevate your stride with Adidas shoes, a perfect blend of style and functionality for every step you take.",,,taxable,,1,20,,0,0,,,,,1,,,,"Adidas, Men, Sale, Under 1599, Women",,,"https://sarwadarifootwear.in/wp-content/uploads/2023/07/Adidas-Shoes-1.jpg, https://sarwadarifootwear.in/wp-content/uploads/2023/07/Adidas-Shoes-2.jpg",,,,,,,,,0,"UK Size","10, 11, 8, 9",1,1,,Brand,Adidas,1,1,,,,,,default,none,,,,none,default,default,none,,,,,,,,inherit,inherit,,after,inherit,,,,text,,,,text,,,,,,
9279,variation,,"Adidas Men Shoes 004 - 8",1,0,visible,,,,,taxable,parent,1,,,0,0,,,,,0,,1299,1599,,,,,,,id:9278,,,,,,1,"UK Size",8,,1,,,,,,,,,,,,,,,,,,,,,,,,,,,,,,,,,,,,,,,,,,,,,WooCommerce
9280,variation,,"Adidas Men Shoes 004 - 9",1,0,visible,,,,,taxable,parent,1,,,0,0,,,,,0,,1299,1599,,,,,,,id:9278,,,,,,2,"UK Size",9,,1,,,,,,,,,,,,,,,,,,,,,,,,,,,,,,,,,,,,,,,,,,,,,WooCommerce
9281,variation,,"Adidas Men Shoes 004 - 10",1,0,visible,,,,,taxable,parent,1,,,0,0,,,,,0,,1299,1599,,,,,,,id:9278,,,,,,3,"UK Size",10,,1,,,,,,,,,,,,,,,,,,,,,,,,,,,,,,,,,,,,,,,,,,,,,WooCommerce
9282,variation,,"Adidas Men Shoes 004 - 11",1,0,visible,,,,,taxable,parent,1,,,0,0,,,,,0,,1299,1599,,,,,,,id:9278,,,,,,4,"UK Size",11,,1,,,,,,,,,,,,,,,,,,,,,,,,,,,,,,,,,,,,,,,,,,,,,WooCommerce
9283,variable,,"Adidas Men Kids 001",1,0,visible,"Innovative and stylish footwear for athletes and fashion enthusiasts","Adidas, a renowned global brand, is synonymous with quality and innovation in footwear. Their shoes are crafted with cutting-edge technology, providing optimal comfort, support, and performance. From classic styles to trendy designs, Adidas caters to diverse preferences, making it a favourite among athletes, fashion enthusiasts, and casual wearers alike. Elevate your stride with Adidas shoes, a perfect blend of style and functionality for every step you take.",,,taxable,,0,0,,0,0,,,,,1,,,,"Adidas, Kids, Sale, Under 899",,,"https://sarwadarifootwear.in/wp-content/uploads/2023/07/Adidas-Kids-1.jpg, https://sarwadarifootwear.in/wp-content/uploads/2023/07/Adidas-Kids-2.jpg",,,,,,,,,0,"UK Size","5, 6, 7, 8",1,1,,Brand,Adidas,1,1,,,,,,default,none,,,,none,default,default,none,,,,,,,,inherit,inherit,,after,inherit,,,,text,,,,text,,,,,,
9284,variation,,"Adidas Men Kids 001 - 5",1,0,visible,,,,,taxable,parent,0,,,0,0,,,,,0,,899,1199,,,,,,,id:9283,,,,,,1,"UK Size",5,,1,,,,,,,,,,,,,,,,,,,,,,,,,,,,,,,,,,,,,,,,,,,,,WooCommerce
9285,variation,,"Adidas Men Kids 001 - 6",1,0,visible,,,,,taxable,parent,0,,,0,0,,,,,0,,899,1199,,,,,,,id:9283,,,,,,2,"UK Size",6,,1,,,,,,,,,,,,,,,,,,,,,,,,,,,,,,,,,,,,,,,,,,,,,WooCommerce
9286,variation,,"Adidas Men Kids 001 - 7",1,0,visible,,,,,taxable,parent,0,,,0,0,,,,,0,,899,1199,,,,,,,id:9283,,,,,,3,"UK Size",7,,1,,,,,,,,,,,,,,,,,,,,,,,,,,,,,,,,,,,,,,,,,,,,,WooCommerce
9287,variation,,"Adidas Men Kids 001 - 8",1,0,visible,,,,,taxable,parent,0,,,0,0,,,,,0,,899,1199,,,,,,,id:9283,,,,,,4,"UK Size",8,,1,,,,,,,,,,,,,,,,,,,,,,,,,,,,,,,,,,,,,,,,,,,,,WooCommerce
9294,variable,,"Adidas Men Kids 002",1,0,visible,"Innovative and stylish footwear for athletes and fashion enthusiasts","Adidas, a renowned global brand, is synonymous with quality and innovation in footwear. Their shoes are crafted with cutting-edge technology, providing optimal comfort, support, and performance. From classic styles to trendy designs, Adidas caters to diverse preferences, making it a favourite among athletes, fashion enthusiasts, and casual wearers alike. Elevate your stride with Adidas shoes, a perfect blend of style and functionality for every step you take.",,,taxable,,1,20,,0,0,,,,,1,,,,"Adidas, Kids, Sale, Under 1599",,,"https://sarwadarifootwear.in/wp-content/uploads/2023/07/Adidas-Kids-3.jpg, https://sarwadarifootwear.in/wp-content/uploads/2023/07/Adidas-Kids-4.jpg",,,,,,,,,0,"UK Size","5, 6, 7, 8",1,1,,Brand,Adidas,1,1,,,,,,default,none,,,,none,default,default,none,,,,,,,,inherit,inherit,,after,inherit,,,,text,,,,text,,,,,,
9295,variation,,"Adidas Men Kids 002 - 5",1,0,visible,,,,,taxable,parent,1,,,0,0,,,,,0,,999,1599,,,,,,,id:9294,,,,,,1,"UK Size",5,,1,,,,,,,,,,,,,,,,,,,,,,,,,,,,,,,,,,,,,,,,,,,,,WooCommerce
9296,variation,,"Adidas Men Kids 002 - 6",1,0,visible,,,,,taxable,parent,1,,,0,0,,,,,0,,999,1599,,,,,,,id:9294,,,,,,2,"UK Size",6,,1,,,,,,,,,,,,,,,,,,,,,,,,,,,,,,,,,,,,,,,,,,,,,WooCommerce
9297,variation,,"Adidas Men Kids 002 - 7",1,0,visible,,,,,taxable,parent,1,,,0,0,,,,,0,,999,1599,,,,,,,id:9294,,,,,,3,"UK Size",7,,1,,,,,,,,,,,,,,,,,,,,,,,,,,,,,,,,,,,,,,,,,,,,,WooCommerce
9298,variation,,"Adidas Men Kids 002 - 8",1,0,visible,,,,,taxable,parent,1,,,0,0,,,,,0,,999,1599,,,,,,,id:9294,,,,,,4,"UK Size",8,,1,,,,,,,,,,,,,,,,,,,,,,,,,,,,,,,,,,,,,,,,,,,,,WooCommerce
9337,variable,,"Nike Men Shoes 001",1,0,visible,"A legacy of excellence in athletic performance and comfort","Nike, a leading name in the world of footwear, embodies a legacy of excellence and style. With a commitment to innovation, Nike shoes are designed to enhance athletic performance and everyday comfort. From iconic sneakers that have stood the test of time to the latest cutting-edge models, Nike offers a vast array of options to suit all tastes. Whether you're an athlete seeking peak performance or a fashion-forward individual, Nike shoes cater to your needs with unmatched quality and trendsetting designs. Step into the future of footwear with Nike, where passion for sports meets fashion-forward innovation.",,,taxable,,1,20,,0,0,,,,,1,,,,"Men, Nike, Sale, Under 1599, Women",,,"https://sarwadarifootwear.in/wp-content/uploads/2023/07/Nike-Shoes-2.jpg, https://sarwadarifootwear.in/wp-content/uploads/2023/07/Nike-Shoes-6.jpg",,,,,,,,,0,"UK Size","10, 11, 8, 9",1,1,8,Brand,Nike,1,1,,,,,,default,838,,,,none,default,default,none,,,,,,,,inherit,inherit,,after,inherit,,,,text,,,,text,,,,,,
9338,variation,,"Nike Men Shoes 001 - 8",1,0,visible,,,,,taxable,parent,1,,,0,0,,,,,0,,1299,1599,,,,,,,id:9337,,,,,,1,"UK Size",8,,1,,,,,,,,,,,,,,,,,,,,,,,,,,,,,,,,,,,,,,,,,,,,,WooCommerce
9339,variation,,"Nike Men Shoes 001 - 9",1,0,visible,,,,,taxable,parent,1,,,0,0,,,,,0,,1299,1599,,,,,,,id:9337,,,,,,2,"UK Size",9,,1,,,,,,,,,,,,,,,,,,,,,,,,,,,,,,,,,,,,,,,,,,,,,WooCommerce
9340,variation,,"Nike Men Shoes 001 - 10",1,0,visible,,,,,taxable,parent,1,,,0,0,,,,,0,,1299,1599,,,,,,,id:9337,,,,,,3,"UK Size",10,,1,,,,,,,,,,,,,,,,,,,,,,,,,,,,,,,,,,,,,,,,,,,,,WooCommerce
9341,variation,,"Nike Men Shoes 001 - 11",1,0,visible,,,,,taxable,parent,1,,,0,0,,,,,0,,1299,1599,,,,,,,id:9337,,,,,,4,"UK Size",11,,1,,,,,,,,,,,,,,,,,,,,,,,,,,,,,,,,,,,,,,,,,,,,,WooCommerce
9342,variable,,"Nike Men Shoes 002",1,0,visible,"A legacy of excellence in athletic performance and comfort","Nike, a leading name in the world of footwear, embodies a legacy of excellence and style. With a commitment to innovation, Nike shoes are designed to enhance athletic performance and everyday comfort. From iconic sneakers that have stood the test of time to the latest cutting-edge models, Nike offers a vast array of options to suit all tastes. Whether you're an athlete seeking peak performance or a fashion-forward individual, Nike shoes cater to your needs with unmatched quality and trendsetting designs. Step into the future of footwear with Nike, where passion for sports meets fashion-forward innovation.",,,taxable,,1,20,,0,0,,,,,1,,,,"Men, Nike, Sale, Under 1599, Women",,,"https://sarwadarifootwear.in/wp-content/uploads/2023/07/Nike-Shoes-4.jpg, https://sarwadarifootwear.in/wp-content/uploads/2023/07/Nike-Shoes-7.jpg",,,,,,,,,0,"UK Size","10, 11, 8, 9",1,1,,Brand,Nike,1,1,,,,,,default,838,,,,none,default,default,none,,,,,,,,inherit,inherit,,after,inherit,,,,text,,,,text,,,,,,
9343,variation,,"Nike Men Shoes 002 - 8",1,0,visible,,,,,taxable,parent,1,,,0,0,,,,,0,,1199,1599,,,,,,,id:9342,,,,,,1,"UK Size",8,,1,,,,,,,,,,,,,,,,,,,,,,,,,,,,,,,,,,,,,,,,,,,,,WooCommerce
9344,variation,,"Nike Men Shoes 002 - 9",1,0,visible,,,,,taxable,parent,1,,,0,0,,,,,0,,1199,1599,,,,,,,id:9342,,,,,,2,"UK Size",9,,1,,,,,,,,,,,,,,,,,,,,,,,,,,,,,,,,,,,,,,,,,,,,,WooCommerce
9345,variation,,"Nike Men Shoes 002 - 10",1,0,visible,,,,,taxable,parent,1,,,0,0,,,,,0,,1199,1599,,,,,,,id:9342,,,,,,3,"UK Size",10,,1,,,,,,,,,,,,,,,,,,,,,,,,,,,,,,,,,,,,,,,,,,,,,WooCommerce
9346,variation,,"Nike Men Shoes 002 - 11",1,0,visible,,,,,taxable,parent,1,,,0,0,,,,,0,,1199,1599,,,,,,,id:9342,,,,,,4,"UK Size",11,,1,,,,,,,,,,,,,,,,,,,,,,,,,,,,,,,,,,,,,,,,,,,,,WooCommerce
9347,variable,,"Nike Men Shoes 003",1,0,visible,"A legacy of excellence in athletic performance and comfort","Nike, a leading name in the world of footwear, embodies a legacy of excellence and style. With a commitment to innovation, Nike shoes are designed to enhance athletic performance and everyday comfort. From iconic sneakers that have stood the test of time to the latest cutting-edge models, Nike offers a vast array of options to suit all tastes. Whether you're an athlete seeking peak performance or a fashion-forward individual, Nike shoes cater to your needs with unmatched quality and trendsetting designs. Step into the future of footwear with Nike, where passion for sports meets fashion-forward innovation.",,,taxable,,1,20,,0,0,,,,,1,,,,"Men, Nike, Sale, Under 1599, Women",,,"https://sarwadarifootwear.in/wp-content/uploads/2023/07/Nike-Shoes-5.jpg, https://sarwadarifootwear.in/wp-content/uploads/2023/07/Nike-Shoes-3.jpg",,,,,,,,,0,"UK Size","10, 11, 8, 9",1,1,,Brand,Nike,1,1,,,,,,default,838,,,,none,default,default,none,,,,,,,,inherit,inherit,,after,inherit,,,,text,,,,text,,,,,,
9348,variation,,"Nike Men Shoes 003 - 8",1,0,visible,,,,,taxable,parent,1,,,0,0,,,,,0,,1499,1999,,,,,,,id:9347,,,,,,1,"UK Size",8,,1,,,,,,,,,,,,,,,,,,,,,,,,,,,,,,,,,,,,,,,,,,,,,WooCommerce
9349,variation,,"Nike Men Shoes 003 - 9",1,0,visible,,,,,taxable,parent,1,,,0,0,,,,,0,,1499,1999,,,,,,,id:9347,,,,,,2,"UK Size",9,,1,,,,,,,,,,,,,,,,,,,,,,,,,,,,,,,,,,,,,,,,,,,,,WooCommerce
9350,variation,,"Nike Men Shoes 003 - 10",1,0,visible,,,,,taxable,parent,1,,,0,0,,,,,0,,1499,1999,,,,,,,id:9347,,,,,,3,"UK Size",10,,1,,,,,,,,,,,,,,,,,,,,,,,,,,,,,,,,,,,,,,,,,,,,,WooCommerce
9351,variation,,"Nike Men Shoes 003 - 11",1,0,visible,,,,,taxable,parent,1,,,0,0,,,,,0,,1499,1999,,,,,,,id:9347,,,,,,4,"UK Size",11,,1,,,,,,,,,,,,,,,,,,,,,,,,,,,,,,,,,,,,,,,,,,,,,WooCommerce
9352,variable,,"Nike Men Shoes 004",1,0,visible,"A legacy of excellence in athletic performance and comfort","Nike, a leading name in the world of footwear, embodies a legacy of excellence and style. With a commitment to innovation, Nike shoes are designed to enhance athletic performance and everyday comfort. From iconic sneakers that have stood the test of time to the latest cutting-edge models, Nike offers a vast array of options to suit all tastes. Whether you're an athlete seeking peak performance or a fashion-forward individual, Nike shoes cater to your needs with unmatched quality and trendsetting designs. Step into the future of footwear with Nike, where passion for sports meets fashion-forward innovation.",,,taxable,,1,20,,0,0,,,,,1,,,,"Men, Nike, Sale, Under 1599, Women",,,"https://sarwadarifootwear.in/wp-content/uploads/2023/07/Nike-Shoes-1.jpg, https://sarwadarifootwear.in/wp-content/uploads/2023/07/Nike-Shoes-8.jpg",,,,,,,,,0,"UK Size","10, 11, 8, 9",1,1,,Brand,Nike,1,1,,,,,,default,838,,,,none,default,default,none,,,,,,,,inherit,inherit,,after,inherit,,,,text,,,,text,,,,,,
9353,variation,,"Nike Men Shoes 004 - 8",1,0,visible,,,,,taxable,parent,1,,,0,0,,,,,0,,1099,1299,,,,,,,id:9352,,,,,,1,"UK Size",8,,1,,,,,,,,,,,,,,,,,,,,,,,,,,,,,,,,,,,,,,,,,,,,,WooCommerce
9354,variation,,"Nike Men Shoes 004 - 9",1,0,visible,,,,,taxable,parent,1,,,0,0,,,,,0,,1099,1299,,,,,,,id:9352,,,,,,2,"UK Size",9,,1,,,,,,,,,,,,,,,,,,,,,,,,,,,,,,,,,,,,,,,,,,,,,WooCommerce
9355,variation,,"Nike Men Shoes 004 - 10",1,0,visible,,,,,taxable,parent,1,,,0,0,,,,,0,,1099,1299,,,,,,,id:9352,,,,,,3,"UK Size",10,,1,,,,,,,,,,,,,,,,,,,,,,,,,,,,,,,,,,,,,,,,,,,,,WooCommerce
9356,variation,,"Nike Men Shoes 004 - 11",1,0,visible,,,,,taxable,parent,1,,,0,0,,,,,0,,1099,1299,,,,,,,id:9352,,,,,,4,"UK Size",11,,1,,,,,,,,,,,,,,,,,,,,,,,,,,,,,,,,,,,,,,,,,,,,,WooCommerce
9357,variable,,"Nike Men Kids 001",1,0,visible,"A legacy of excellence in athletic performance and comfort","Nike, a leading name in the world of footwear, embodies a legacy of excellence and style. With a commitment to innovation, Nike shoes are designed to enhance athletic performance and everyday comfort. From iconic sneakers that have stood the test of time to the latest cutting-edge models, Nike offers a vast array of options to suit all tastes. Whether you're an athlete seeking peak performance or a fashion-forward individual, Nike shoes cater to your needs with unmatched quality and trendsetting designs. Step into the future of footwear with Nike, where passion for sports meets fashion-forward innovation.",,,taxable,,1,20,,0,0,,,,,1,,,,"Kids, Nike, Sale, Under 899",,,"https://sarwadarifootwear.in/wp-content/uploads/2023/07/Nike-Kids-1.jpg, https://sarwadarifootwear.in/wp-content/uploads/2023/07/Nike-Kids-3.jpg",,,,,,,,,0,"UK Size","5, 6, 7, 8",1,1,,Brand,Nike,1,1,,,,,,default,838,,,,none,default,default,none,,,,,,,,inherit,inherit,,after,inherit,,,,text,,,,text,,,,,,
9358,variation,,"Nike Men Kids 001 - 5",1,0,visible,,,,,taxable,parent,1,,,0,0,,,,,0,,899,1199,,,,,,,id:9357,,,,,,1,"UK Size",5,,1,,,,,,,,,,,,,,,,,,,,,,,,,,,,,,,,,,,,,,,,,,,,,WooCommerce
9359,variation,,"Nike Men Kids 001 - 6",1,0,visible,,,,,taxable,parent,1,,,0,0,,,,,0,,899,1199,,,,,,,id:9357,,,,,,2,"UK Size",6,,1,,,,,,,,,,,,,,,,,,,,,,,,,,,,,,,,,,,,,,,,,,,,,WooCommerce
9360,variation,,"Nike Men Kids 001 - 7",1,0,visible,,,,,taxable,parent,1,,,0,0,,,,,0,,899,1199,,,,,,,id:9357,,,,,,3,"UK Size",7,,1,,,,,,,,,,,,,,,,,,,,,,,,,,,,,,,,,,,,,,,,,,,,,WooCommerce
9361,variation,,"Nike Men Kids 001 - 8",1,0,visible,,,,,taxable,parent,1,,,0,0,,,,,0,,899,1199,,,,,,,id:9357,,,,,,4,"UK Size",8,,1,,,,,,,,,,,,,,,,,,,,,,,,,,,,,,,,,,,,,,,,,,,,,WooCommerce
9362,variable,,"Nike Men Kids 002",1,0,visible,"A legacy of excellence in athletic performance and comfort","Nike, a leading name in the world of footwear, embodies a legacy of excellence and style. With a commitment to innovation, Nike shoes are designed to enhance athletic performance and everyday comfort. From iconic sneakers that have stood the test of time to the latest cutting-edge models, Nike offers a vast array of options to suit all tastes. Whether you're an athlete seeking peak performance or a fashion-forward individual, Nike shoes cater to your needs with unmatched quality and trendsetting designs. Step into the future of footwear with Nike, where passion for sports meets fashion-forward innovation.",,,taxable,,1,20,,0,0,,,,,1,,,,"Kids, Nike, Sale, Under 1599",,,"https://sarwadarifootwear.in/wp-content/uploads/2023/07/Nike-Kids-4.jpg, https://sarwadarifootwear.in/wp-content/uploads/2023/07/Nike-Kids-2.jpg",,,,,,,,,0,"UK Size","5, 6, 7, 8",1,1,,Brand,Nike,1,1,,,,,,default,838,,,,none,default,default,none,,,,,,,,inherit,inherit,,after,inherit,,,,text,,,,text,,,,,,
9363,variation,,"Nike Men Kids 002 - 5",1,0,visible,,,,,taxable,parent,1,,,0,0,,,,,0,,999,1599,,,,,,,id:9362,,,,,,1,"UK Size",5,,1,,,,,,,,,,,,,,,,,,,,,,,,,,,,,,,,,,,,,,,,,,,,,WooCommerce
9364,variation,,"Nike Men Kids 002 - 6",1,0,visible,,,,,taxable,parent,1,,,0,0,,,,,0,,999,1599,,,,,,,id:9362,,,,,,2,"UK Size",6,,1,,,,,,,,,,,,,,,,,,,,,,,,,,,,,,,,,,,,,,,,,,,,,WooCommerce
9365,variation,,"Nike Men Kids 002 - 7",1,0,visible,,,,,taxable,parent,1,,,0,0,,,,,0,,999,1599,,,,,,,id:9362,,,,,,3,"UK Size",7,,1,,,,,,,,,,,,,,,,,,,,,,,,,,,,,,,,,,,,,,,,,,,,,WooCommerce
9366,variation,,"Nike Men Kids 002 - 8",1,0,visible,,,,,taxable,parent,1,,,0,0,,,,,0,,999,1599,,,,,,,id:9362,,,,,,4,"UK Size",8,,1,,,,,,,,,,,,,,,,,,,,,,,,,,,,,,,,,,,,,,,,,,,,,WooCommerce
9717,variable,,"Bata Men Shoes 001",1,0,visible,"Trusted brand offering quality and affordable shoes for all occasions","Bata, a trusted and iconic brand, has been synonymous with quality and affordability in footwear for decades. With a rich heritage and a wide range of styles, Bata shoes cater to diverse tastes and age groups. From classic formal shoes to trendy casual wear, Bata offers something for everyone. With a focus on comfort and durability, their shoes are crafted using premium materials, ensuring a comfortable fit that lasts. Whether it's for work, play, or everyday wear, Bata shoes provide a perfect blend of style, comfort, and value. Step confidently into any occasion with Bata, a brand that has stood the test of time, offering timeless footwear options for generations.",,,taxable,,1,20,,0,0,,,,,1,,,,"Bata, Men, Under 1599",,,"https://sarwadarifootwear.in/wp-content/uploads/2023/07/Bata-Men-7.jpg, https://sarwadarifootwear.in/wp-content/uploads/2023/07/Bata-Men-8.jpg",,,,,,,,,0,"UK Size","10, 11, 8, 9",1,1,8,Brand,Bata,1,1,,,,,,default,none,,,,none,default,default,none,,,,,,,,inherit,inherit,,after,inherit,,,,text,,,,text,,,,,,
9718,variation,,"Bata Men Shoes 001 - 8",1,0,visible,,,,,taxable,parent,1,,,0,0,,,,,0,,1299,1599,,,,,,,id:9717,,,,,,1,"UK Size",8,,1,,,,,,,,,,,,,,,,,,,,,,,,,,,,,,,,,,,,,,,,,,,,,WooCommerce
9719,variation,,"Bata Men Shoes 001 - 9",1,0,visible,,,,,taxable,parent,1,,,0,0,,,,,0,,1299,1599,,,,,,,id:9717,,,,,,2,"UK Size",9,,1,,,,,,,,,,,,,,,,,,,,,,,,,,,,,,,,,,,,,,,,,,,,,WooCommerce
9720,variation,,"Bata Men Shoes 001 - 10",1,0,visible,,,,,taxable,parent,1,,,0,0,,,,,0,,1299,1599,,,,,,,id:9717,,,,,,3,"UK Size",10,,1,,,,,,,,,,,,,,,,,,,,,,,,,,,,,,,,,,,,,,,,,,,,,WooCommerce
9721,variation,,"Bata Men Shoes 001 - 11",1,0,visible,,,,,taxable,parent,1,,,0,0,,,,,0,,1299,1599,,,,,,,id:9717,,,,,,4,"UK Size",11,,1,,,,,,,,,,,,,,,,,,,,,,,,,,,,,,,,,,,,,,,,,,,,,WooCommerce
9722,variable,,"Bata Men Shoes 002",1,0,visible,"Trusted brand offering quality and affordable shoes for all occasions","Bata, a trusted and iconic brand, has been synonymous with quality and affordability in footwear for decades. With a rich heritage and a wide range of styles, Bata shoes cater to diverse tastes and age groups. From classic formal shoes to trendy casual wear, Bata offers something for everyone. With a focus on comfort and durability, their shoes are crafted using premium materials, ensuring a comfortable fit that lasts. Whether it's for work, play, or everyday wear, Bata shoes provide a perfect blend of style, comfort, and value. Step confidently into any occasion with Bata, a brand that has stood the test of time, offering timeless footwear options for generations.",,,taxable,,1,20,,0,0,,,,,1,,,,"Bata, Men, Under 1599",,,"https://sarwadarifootwear.in/wp-content/uploads/2023/07/Bata-Men-3.jpg, https://sarwadarifootwear.in/wp-content/uploads/2023/07/Bata-Men-4.jpg",,,,,,,,,0,"UK Size","10, 11, 8, 9",1,1,,Brand,Bata,1,1,,,,,,default,none,,,,none,default,default,none,,,,,,,,inherit,inherit,,after,inherit,,,,text,,,,text,,,,,,
9723,variation,,"Bata Men Shoes 002 - 8",1,0,visible,,,,,taxable,parent,1,,,0,0,,,,,0,,1199,1599,,,,,,,id:9722,,,,,,1,"UK Size",8,,1,,,,,,,,,,,,,,,,,,,,,,,,,,,,,,,,,,,,,,,,,,,,,WooCommerce
9724,variation,,"Bata Men Shoes 002 - 9",1,0,visible,,,,,taxable,parent,1,,,0,0,,,,,0,,1199,1599,,,,,,,id:9722,,,,,,2,"UK Size",9,,1,,,,,,,,,,,,,,,,,,,,,,,,,,,,,,,,,,,,,,,,,,,,,WooCommerce
9725,variation,,"Bata Men Shoes 002 - 10",1,0,visible,,,,,taxable,parent,1,,,0,0,,,,,0,,1199,1599,,,,,,,id:9722,,,,,,3,"UK Size",10,,1,,,,,,,,,,,,,,,,,,,,,,,,,,,,,,,,,,,,,,,,,,,,,WooCommerce
9726,variation,,"Bata Men Shoes 002 - 11",1,0,visible,,,,,taxable,parent,1,,,0,0,,,,,0,,1199,1599,,,,,,,id:9722,,,,,,4,"UK Size",11,,1,,,,,,,,,,,,,,,,,,,,,,,,,,,,,,,,,,,,,,,,,,,,,WooCommerce
9727,variable,,"Bata Men Shoes 003",1,0,visible,"Trusted brand offering quality and affordable shoes for all occasions","Bata, a trusted and iconic brand, has been synonymous with quality and affordability in footwear for decades. With a rich heritage and a wide range of styles, Bata shoes cater to diverse tastes and age groups. From classic formal shoes to trendy casual wear, Bata offers something for everyone. With a focus on comfort and durability, their shoes are crafted using premium materials, ensuring a comfortable fit that lasts. Whether it's for work, play, or everyday wear, Bata shoes provide a perfect blend of style, comfort, and value. Step confidently into any occasion with Bata, a brand that has stood the test of time, offering timeless footwear options for generations.",,,taxable,,1,20,,0,0,,,,,1,,,,"Bata, Men, Under 1599",,,"https://sarwadarifootwear.in/wp-content/uploads/2023/07/Bata-Men-5.jpg, https://sarwadarifootwear.in/wp-content/uploads/2023/07/Bata-Men-6.jpg",,,,,,,,,0,"UK Size","10, 11, 8, 9",1,1,,Brand,Bata,1,1,,,,,,default,none,,,,none,default,default,none,,,,,,,,inherit,inherit,,after,inherit,,,,text,,,,text,,,,,,
9728,variation,,"Bata Men Shoes 003 - 8",1,0,visible,,,,,taxable,parent,1,,,0,0,,,,,0,,1499,1999,,,,,,,id:9727,,,,,,1,"UK Size",8,,1,,,,,,,,,,,,,,,,,,,,,,,,,,,,,,,,,,,,,,,,,,,,,WooCommerce
9729,variation,,"Bata Men Shoes 003 - 9",1,0,visible,,,,,taxable,parent,1,,,0,0,,,,,0,,1499,1999,,,,,,,id:9727,,,,,,2,"UK Size",9,,1,,,,,,,,,,,,,,,,,,,,,,,,,,,,,,,,,,,,,,,,,,,,,WooCommerce
9730,variation,,"Bata Men Shoes 003 - 10",1,0,visible,,,,,taxable,parent,1,,,0,0,,,,,0,,1499,1999,,,,,,,id:9727,,,,,,3,"UK Size",10,,1,,,,,,,,,,,,,,,,,,,,,,,,,,,,,,,,,,,,,,,,,,,,,WooCommerce
9731,variation,,"Bata Men Shoes 003 - 11",1,0,visible,,,,,taxable,parent,1,,,0,0,,,,,0,,1499,1999,,,,,,,id:9727,,,,,,4,"UK Size",11,,1,,,,,,,,,,,,,,,,,,,,,,,,,,,,,,,,,,,,,,,,,,,,,WooCommerce
9732,variable,,"Bata Men Shoes 004",1,0,visible,"Trusted brand offering quality and affordable shoes for all occasions","Bata, a trusted and iconic brand, has been synonymous with quality and affordability in footwear for decades. With a rich heritage and a wide range of styles, Bata shoes cater to diverse tastes and age groups. From classic formal shoes to trendy casual wear, Bata offers something for everyone. With a focus on comfort and durability, their shoes are crafted using premium materials, ensuring a comfortable fit that lasts. Whether it's for work, play, or everyday wear, Bata shoes provide a perfect blend of style, comfort, and value. Step confidently into any occasion with Bata, a brand that has stood the test of time, offering timeless footwear options for generations.",,,taxable,,1,20,,0,0,,,,,1,,,,"Bata, Men, Under 1599",,,"https://sarwadarifootwear.in/wp-content/uploads/2023/07/Bata-Men-1.jpg, https://sarwadarifootwear.in/wp-content/uploads/2023/07/Bata-Men-2.jpg",,,,,,,,,0,"UK Size","10, 11, 8, 9",1,1,,Brand,Bata,1,1,,,,,,default,none,,,,none,default,default,none,,,,,,,,inherit,inherit,,after,inherit,,,,text,,,,text,,,,,,
9733,variation,,"Bata Men Shoes 004 - 8",1,0,visible,,,,,taxable,parent,1,,,0,0,,,,,0,,1099,1299,,,,,,,id:9732,,,,,,1,"UK Size",8,,1,,,,,,,,,,,,,,,,,,,,,,,,,,,,,,,,,,,,,,,,,,,,,WooCommerce
9734,variation,,"Bata Men Shoes 004 - 9",1,0,visible,,,,,taxable,parent,1,,,0,0,,,,,0,,1099,1299,,,,,,,id:9732,,,,,,2,"UK Size",9,,1,,,,,,,,,,,,,,,,,,,,,,,,,,,,,,,,,,,,,,,,,,,,,WooCommerce
9735,variation,,"Bata Men Shoes 004 - 10",1,0,visible,,,,,taxable,parent,1,,,0,0,,,,,0,,1099,1299,,,,,,,id:9732,,,,,,3,"UK Size",10,,1,,,,,,,,,,,,,,,,,,,,,,,,,,,,,,,,,,,,,,,,,,,,,WooCommerce
9736,variation,,"Bata Men Shoes 004 - 11",1,0,visible,,,,,taxable,parent,1,,,0,0,,,,,0,,1099,1299,,,,,,,id:9732,,,,,,4,"UK Size",11,,1,,,,,,,,,,,,,,,,,,,,,,,,,,,,,,,,,,,,,,,,,,,,,WooCommerce
9737,variable,,"Bata Men Kids 001",1,0,visible,"Trusted brand offering quality and affordable shoes for all occasions","Bata, a trusted and iconic brand, has been synonymous with quality and affordability in footwear for decades. With a rich heritage and a wide range of styles, Bata shoes cater to diverse tastes and age groups. From classic formal shoes to trendy casual wear, Bata offers something for everyone. With a focus on comfort and durability, their shoes are crafted using premium materials, ensuring a comfortable fit that lasts. Whether it's for work, play, or everyday wear, Bata shoes provide a perfect blend of style, comfort, and value. Step confidently into any occasion with Bata, a brand that has stood the test of time, offering timeless footwear options for generations.",,,taxable,,1,20,,0,0,,,,,1,,,,"Bata, Kids, Under 899",,,"https://sarwadarifootwear.in/wp-content/uploads/2023/07/Bata-Kids-3.jpg, https://sarwadarifootwear.in/wp-content/uploads/2023/07/Bata-Kids-4.jpg",,,,,,,,,0,"UK Size","5, 6, 7, 8",1,1,,Brand,Bata,1,1,,,,,,default,none,,,,none,default,default,none,,,,,,,,inherit,inherit,,after,inherit,,,,text,,,,text,,,,,,
9738,variation,,"Bata Men Kids 001 - 5",1,0,visible,,,,,taxable,parent,1,,,0,0,,,,,0,,899,1199,,,,,,,id:9737,,,,,,1,"UK Size",5,,1,,,,,,,,,,,,,,,,,,,,,,,,,,,,,,,,,,,,,,,,,,,,,WooCommerce
9739,variation,,"Bata Men Kids 001 - 6",1,0,visible,,,,,taxable,parent,1,,,0,0,,,,,0,,899,1199,,,,,,,id:9737,,,,,,2,"UK Size",6,,1,,,,,,,,,,,,,,,,,,,,,,,,,,,,,,,,,,,,,,,,,,,,,WooCommerce
9740,variation,,"Bata Men Kids 001 - 7",1,0,visible,,,,,taxable,parent,1,,,0,0,,,,,0,,899,1199,,,,,,,id:9737,,,,,,3,"UK Size",7,,1,,,,,,,,,,,,,,,,,,,,,,,,,,,,,,,,,,,,,,,,,,,,,WooCommerce
9741,variation,,"Bata Men Kids 001 - 8",1,0,visible,,,,,taxable,parent,1,,,0,0,,,,,0,,899,1199,,,,,,,id:9737,,,,,,4,"UK Size",8,,1,,,,,,,,,,,,,,,,,,,,,,,,,,,,,,,,,,,,,,,,,,,,,WooCommerce
9742,variable,,"Bata Men Kids 002",1,0,visible,"Trusted brand offering quality and affordable shoes for all occasions","Bata, a trusted and iconic brand, has been synonymous with quality and affordability in footwear for decades. With a rich heritage and a wide range of styles, Bata shoes cater to diverse tastes and age groups. From classic formal shoes to trendy casual wear, Bata offers something for everyone. With a focus on comfort and durability, their shoes are crafted using premium materials, ensuring a comfortable fit that lasts. Whether it's for work, play, or everyday wear, Bata shoes provide a perfect blend of style, comfort, and value. Step confidently into any occasion with Bata, a brand that has stood the test of time, offering timeless footwear options for generations.",,,taxable,,1,20,,0,0,,,,,1,,,,"Bata, Kids, Under 1599",,,"https://sarwadarifootwear.in/wp-content/uploads/2023/07/Bata-Kids-1.jpg, https://sarwadarifootwear.in/wp-content/uploads/2023/07/Bata-Kids-2.jpg",,,,,,,,,0,"UK Size","5, 6, 7, 8",1,1,,Brand,Bata,1,1,,,,,,default,none,,,,none,default,default,none,,,,,,,,inherit,inherit,,after,inherit,,,,text,,,,text,,,,,,
9743,variation,,"Bata Men Kids 002 - 5",1,0,visible,,,,,taxable,parent,1,,,0,0,,,,,0,,999,1599,,,,,,,id:9742,,,,,,1,"UK Size",5,,1,,,,,,,,,,,,,,,,,,,,,,,,,,,,,,,,,,,,,,,,,,,,,WooCommerce
9744,variation,,"Bata Men Kids 002 - 6",1,0,visible,,,,,taxable,parent,1,,,0,0,,,,,0,,999,1599,,,,,,,id:9742,,,,,,2,"UK Size",6,,1,,,,,,,,,,,,,,,,,,,,,,,,,,,,,,,,,,,,,,,,,,,,,WooCommerce
9745,variation,,"Bata Men Kids 002 - 7",1,0,visible,,,,,taxable,parent,1,,,0,0,,,,,0,,999,1599,,,,,,,id:9742,,,,,,3,"UK Size",7,,1,,,,,,,,,,,,,,,,,,,,,,,,,,,,,,,,,,,,,,,,,,,,,WooCommerce
9746,variation,,"Bata Men Kids 002 - 8",1,0,visible,,,,,taxable,parent,1,,,0,0,,,,,0,,999,1599,,,,,,,id:9742,,,,,,4,"UK Size",8,,1,,,,,,,,,,,,,,,,,,,,,,,,,,,,,,,,,,,,,,,,,,,,,WooCommerce
9754,variable,,"Crocs Men Shoes 001",1,0,visible,"Distinctive clogs and versatile footwear for all-day comfort","Crocs, a globally recognized brand, redefines comfort and versatility in footwear. Known for their distinctive clog design, Crocs shoes offer a unique combination of style and practicality. Crafted with Croslite™ foam technology, these shoes provide exceptional cushioning and support, making them perfect for all-day wear. Beyond the iconic clogs, Crocs offers a diverse range of footwear, including sandals, sneakers, and more, catering to various lifestyles and preferences. Whether you're strolling on the beach or running errands in the city, Crocs shoes ensure maximum comfort and ease. Embrace the trendsetting comfort of Crocs and experience a new level of relaxation and style for your feet.",,,taxable,,1,20,,0,0,,,,,1,,,,"Crocs, Men, Under 1599, Women",,,"https://sarwadarifootwear.in/wp-content/uploads/2023/07/Crocs-Men-1.jpg, https://sarwadarifootwear.in/wp-content/uploads/2023/07/Crocs-Men-2.jpg",,,,,,,,,0,"UK Size","10, 11, 8, 9",1,1,8,Brand,Crocs,1,1,,,,,,default,none,,,,none,default,default,none,,,,,,,,inherit,inherit,,after,inherit,,,,text,,,,text,,,,,,
9755,variation,,"Crocs Men Shoes 001 - 8",1,0,visible,,,,,taxable,parent,1,,,0,0,,,,,0,,1299,1599,,,,,,,id:9754,,,,,,1,"UK Size",8,,1,,,,,,,,,,,,,,,,,,,,,,,,,,,,,,,,,,,,,,,,,,,,,WooCommerce
9756,variation,,"Crocs Men Shoes 001 - 9",1,0,visible,,,,,taxable,parent,1,,,0,0,,,,,0,,1299,1599,,,,,,,id:9754,,,,,,2,"UK Size",9,,1,,,,,,,,,,,,,,,,,,,,,,,,,,,,,,,,,,,,,,,,,,,,,WooCommerce
9757,variation,,"Crocs Men Shoes 001 - 10",1,0,visible,,,,,taxable,parent,1,,,0,0,,,,,0,,1299,1599,,,,,,,id:9754,,,,,,3,"UK Size",10,,1,,,,,,,,,,,,,,,,,,,,,,,,,,,,,,,,,,,,,,,,,,,,,WooCommerce
9758,variation,,"Crocs Men Shoes 001 - 11",1,0,visible,,,,,taxable,parent,1,,,0,0,,,,,0,,1299,1599,,,,,,,id:9754,,,,,,4,"UK Size",11,,1,,,,,,,,,,,,,,,,,,,,,,,,,,,,,,,,,,,,,,,,,,,,,WooCommerce
9759,variable,,"Crocs Men Shoes 002",1,0,visible,"Distinctive clogs and versatile footwear for all-day comfort","Crocs, a globally recognized brand, redefines comfort and versatility in footwear. Known for their distinctive clog design, Crocs shoes offer a unique combination of style and practicality. Crafted with Croslite™ foam technology, these shoes provide exceptional cushioning and support, making them perfect for all-day wear. Beyond the iconic clogs, Crocs offers a diverse range of footwear, including sandals, sneakers, and more, catering to various lifestyles and preferences. Whether you're strolling on the beach or running errands in the city, Crocs shoes ensure maximum comfort and ease. Embrace the trendsetting comfort of Crocs and experience a new level of relaxation and style for your feet.",,,taxable,,1,20,,0,0,,,,,1,,,,"Crocs, Men, Under 1599, Women",,,"https://sarwadarifootwear.in/wp-content/uploads/2023/07/Crocs-Men-7.jpg, https://sarwadarifootwear.in/wp-content/uploads/2023/07/Crocs-Men-8.jpg",,,,,,,,,0,"UK Size","10, 11, 8, 9",1,1,,Brand,Crocs,1,1,,,,,,default,none,,,,none,default,default,none,,,,,,,,inherit,inherit,,after,inherit,,,,text,,,,text,,,,,,
9760,variation,,"Crocs Men Shoes 002 - 8",1,0,visible,,,,,taxable,parent,1,,,0,0,,,,,0,,1199,1599,,,,,,,id:9759,,,,,,1,"UK Size",8,,1,,,,,,,,,,,,,,,,,,,,,,,,,,,,,,,,,,,,,,,,,,,,,WooCommerce
9761,variation,,"Crocs Men Shoes 002 - 9",1,0,visible,,,,,taxable,parent,1,,,0,0,,,,,0,,1199,1599,,,,,,,id:9759,,,,,,2,"UK Size",9,,1,,,,,,,,,,,,,,,,,,,,,,,,,,,,,,,,,,,,,,,,,,,,,WooCommerce
9762,variation,,"Crocs Men Shoes 002 - 10",1,0,visible,,,,,taxable,parent,1,,,0,0,,,,,0,,1199,1599,,,,,,,id:9759,,,,,,3,"UK Size",10,,1,,,,,,,,,,,,,,,,,,,,,,,,,,,,,,,,,,,,,,,,,,,,,WooCommerce
9763,variation,,"Crocs Men Shoes 002 - 11",1,0,visible,,,,,taxable,parent,1,,,0,0,,,,,0,,1199,1599,,,,,,,id:9759,,,,,,4,"UK Size",11,,1,,,,,,,,,,,,,,,,,,,,,,,,,,,,,,,,,,,,,,,,,,,,,WooCommerce
9764,variable,,"Crocs Men Shoes 003",1,0,visible,"Distinctive clogs and versatile footwear for all-day comfort","Crocs, a globally recognized brand, redefines comfort and versatility in footwear. Known for their distinctive clog design, Crocs shoes offer a unique combination of style and practicality. Crafted with Croslite™ foam technology, these shoes provide exceptional cushioning and support, making them perfect for all-day wear. Beyond the iconic clogs, Crocs offers a diverse range of footwear, including sandals, sneakers, and more, catering to various lifestyles and preferences. Whether you're strolling on the beach or running errands in the city, Crocs shoes ensure maximum comfort and ease. Embrace the trendsetting comfort of Crocs and experience a new level of relaxation and style for your feet.",,,taxable,,1,20,,0,0,,,,,1,,,,"Crocs, Men, Under 1599, Women",,,"https://sarwadarifootwear.in/wp-content/uploads/2023/07/Crocs-Men-3.jpg, https://sarwadarifootwear.in/wp-content/uploads/2023/07/Crocs-Men-4.jpg",,,,,,,,,0,"UK Size","10, 11, 8, 9",1,1,,Brand,Crocs,1,1,,,,,,default,none,,,,none,default,default,none,,,,,,,,inherit,inherit,,after,inherit,,,,text,,,,text,,,,,,
9765,variation,,"Crocs Men Shoes 003 - 8",1,0,visible,,,,,taxable,parent,1,,,0,0,,,,,0,,1499,1999,,,,,,,id:9764,,,,,,1,"UK Size",8,,1,,,,,,,,,,,,,,,,,,,,,,,,,,,,,,,,,,,,,,,,,,,,,WooCommerce
9766,variation,,"Crocs Men Shoes 003 - 9",1,0,visible,,,,,taxable,parent,1,,,0,0,,,,,0,,1499,1999,,,,,,,id:9764,,,,,,2,"UK Size",9,,1,,,,,,,,,,,,,,,,,,,,,,,,,,,,,,,,,,,,,,,,,,,,,WooCommerce
9767,variation,,"Crocs Men Shoes 003 - 10",1,0,visible,,,,,taxable,parent,1,,,0,0,,,,,0,,1499,1999,,,,,,,id:9764,,,,,,3,"UK Size",10,,1,,,,,,,,,,,,,,,,,,,,,,,,,,,,,,,,,,,,,,,,,,,,,WooCommerce,
9768,variation,,"Crocs Men Shoes 003 - 11",1,0,visible,,,,,taxable,parent,1,,,0,0,,,,,0,,1499,1999,,,,,,,id:9764,,,,,,4,"UK Size",11,,1,,,,,,,,,,,,,,,,,,,,,,,,,,,,,,,,,,,,,,,,,,,,,WooCommerce,
9769,variable,,"Crocs Men Shoes 004",1,0,visible,"Distinctive clogs and versatile footwear for all-day comfort","Crocs, a globally recognized brand, redefines comfort and versatility in footwear. Known for their distinctive clog design, Crocs shoes offer a unique combination of style and practicality. Crafted with Croslite™ foam technology, these shoes provide exceptional cushioning and support, making them perfect for all-day wear. Beyond the iconic clogs, Crocs offers a diverse range of footwear, including sandals, sneakers, and more, catering to various lifestyles and preferences. Whether you're strolling on the beach or running errands in the city, Crocs shoes ensure maximum comfort and ease. Embrace the trendsetting comfort of Crocs and experience a new level of relaxation and style for your feet.",,,taxable,,1,20,,0,0,,,,,1,,,,"Crocs, Men, Under 1599, Women",,,"https://sarwadarifootwear.in/wp-content/uploads/2023/07/Crocs-Men-5.jpg, https://sarwadarifootwear.in/wp-content/uploads/2023/07/Crocs-Men-6.jpg",,,,,,,,,0,"UK Size","10, 11, 8, 9",1,1,,Brand,Crocs,1,1,,,,,,default,none,,,,none,default,default,none,,,,,,,,inherit,inherit,,after,inherit,,,,text,,,,text,,,,,,,
9770,variation,,"Crocs Men Shoes 004 - 8",1,0,visible,,,,,taxable,parent,1,,,0,0,,,,,0,,1099,1299,,,,,,,id:9769,,,,,,1,"UK Size",8,,1,,,,,,,,,,,,,,,,,,,,,,,,,,,,,,,,,,,,,,,,,,,,,WooCommerce,
9771,variation,,"Crocs Men Shoes 004 - 9",1,0,visible,,,,,taxable,parent,1,,,0,0,,,,,0,,1099,1299,,,,,,,id:9769,,,,,,2,"UK Size",9,,1,,,,,,,,,,,,,,,,,,,,,,,,,,,,,,,,,,,,,,,,,,,,,WooCommerce,
9772,variation,,"Crocs Men Shoes 004 - 10",1,0,visible,,,,,taxable,parent,1,,,0,0,,,,,0,,1099,1299,,,,,,,id:9769,,,,,,3,"UK Size",10,,1,,,,,,,,,,,,,,,,,,,,,,,,,,,,,,,,,,,,,,,,,,,,,WooCommerce,
9773,variation,,"Crocs Men Shoes 004 - 11",1,0,visible,,,,,taxable,parent,1,,,0,0,,,,,0,,1099,1299,,,,,,,id:9769,,,,,,4,"UK Size",11,,1,,,,,,,,,,,,,,,,,,,,,,,,,,,,,,,,,,,,,,,,,,,,,WooCommerce,
9774,variable,,"Crocs Men Kids 001",1,0,visible,"Distinctive clogs and versatile footwear for all-day comfort","Crocs, a globally recognized brand, redefines comfort and versatility in footwear. Known for their distinctive clog design, Crocs shoes offer a unique combination of style and practicality. Crafted with Croslite™ foam technology, these shoes provide exceptional cushioning and support, making them perfect for all-day wear. Beyond the iconic clogs, Crocs offers a diverse range of footwear, including sandals, sneakers, and more, catering to various lifestyles and preferences. Whether you're strolling on the beach or running errands in the city, Crocs shoes ensure maximum comfort and ease. Embrace the trendsetting comfort of Crocs and experience a new level of relaxation and style for your feet.",,,taxable,,1,20,,0,0,,,,,1,,,,"Crocs, Kids, Under 899",,,"https://sarwadarifootwear.in/wp-content/uploads/2023/07/Crocs-Kids-1.jpg, https://sarwadarifootwear.in/wp-content/uploads/2023/07/Crocs-Kids-2.jpg",,,,,,,,,0,"UK Size","5, 6, 7, 8",1,1,,Brand,Crocs,1,1,,,,,,default,none,,,,none,default,default,none,,,,,,,,inherit,inherit,,after,inherit,,,,text,,,,text,,,,,,,
9775,variation,,"Crocs Men Kids 001 - 5",1,0,visible,,,,,taxable,parent,1,,,0,0,,,,,0,,899,1199,,,,,,,id:9774,,,,,,1,"UK Size",5,,1,,,,,,,,,,,,,,,,,,,,,,,,,,,,,,,,,,,,,,,,,,,,,WooCommerce,
9776,variation,,"Crocs Men Kids 001 - 6",1,0,visible,,,,,taxable,parent,1,,,0,0,,,,,0,,899,1199,,,,,,,id:9774,,,,,,2,"UK Size",6,,1,,,,,,,,,,,,,,,,,,,,,,,,,,,,,,,,,,,,,,,,,,,,,WooCommerce,
9777,variation,,"Crocs Men Kids 001 - 7",1,0,visible,,,,,taxable,parent,1,,,0,0,,,,,0,,899,1199,,,,,,,id:9774,,,,,,3,"UK Size",7,,1,,,,,,,,,,,,,,,,,,,,,,,,,,,,,,,,,,,,,,,,,,,,,WooCommerce,
9778,variation,,"Crocs Men Kids 001 - 8",1,0,visible,,,,,taxable,parent,1,,,0,0,,,,,0,,899,1199,,,,,,,id:9774,,,,,,4,"UK Size",8,,1,,,,,,,,,,,,,,,,,,,,,,,,,,,,,,,,,,,,,,,,,,,,,WooCommerce,
9779,variable,,"Crocs Men Kids 002",'-1,0,visible,"Distinctive clogs and versatile footwear for all-day comfort","Crocs, a globally recognized brand, redefines comfort and versatility in footwear. Known for their distinctive clog design, Crocs shoes offer a unique combination of style and practicality. Crafted with Croslite™ foam technology, these shoes provide exceptional cushioning and support, making them perfect for all-day wear. Beyond the iconic clogs, Crocs offers a diverse range of footwear, including sandals, sneakers, and more, catering to various lifestyles and preferences. Whether you're strolling on the beach or running errands in the city, Crocs shoes ensure maximum comfort and ease. Embrace the trendsetting comfort of Crocs and experience a new level of relaxation and style for your feet.",,,taxable,,1,20,,0,0,,,,,1,,,,Crocs,,,"https://sarwadarifootwear.in/wp-content/uploads/2023/07/ELATE_SHOES_Black_EW2449_01_standard.jpg, https://sarwadarifootwear.in/wp-content/uploads/2023/07/ELATE_SHOES_Black_EW2449_02_standard_hover.jpg",,,,,,,,,0,"UK Size","5, 6, 7, 8",1,1,,Brand,Crocs,1,1,,,,,,default,none,,,,none,default,default,none,,,,,,,,inherit,inherit,,after,inherit,,,,text,,,,text,,,,,,,
9780,variation,,"Crocs Men Kids 002 - 5",'-1,0,visible,,,,,taxable,parent,1,,,0,0,,,,,0,,999,1599,,,,,,,id:9779,,,,,,1,"UK Size",5,,1,,,,,,,,,,,,,,,,,,,,,,,,,,,,,,,,,,,,,,,,,,,,,WooCommerce,
9781,variation,,"Crocs Men Kids 002 - 6",'-1,0,visible,,,,,taxable,parent,1,,,0,0,,,,,0,,999,1599,,,,,,,id:9779,,,,,,2,"UK Size",6,,1,,,,,,,,,,,,,,,,,,,,,,,,,,,,,,,,,,,,,,,,,,,,,WooCommerce,
9782,variation,,"Crocs Men Kids 002 - 7",'-1,0,visible,,,,,taxable,parent,1,,,0,0,,,,,0,,999,1599,,,,,,,id:9779,,,,,,3,"UK Size",7,,1,,,,,,,,,,,,,,,,,,,,,,,,,,,,,,,,,,,,,,,,,,,,,WooCommerce,
9783,variation,,"Crocs Men Kids 002 - 8",'-1,0,visible,,,,,taxable,parent,1,,,0,0,,,,,0,,999,1599,,,,,,,id:9779,,,,,,4,"UK Size",8,,1,,,,,,,,,,,,,,,,,,,,,,,,,,,,,,,,,,,,,,,,,,,,,WooCommerce,
9969,variation,,"Adidas Men Shoes 001",1,0,visible,,,,,taxable,parent,1,,,0,0,,,,,0,,,1299,,,,,,,id:9233,,,,,,1,"UK Size",8,,1,,Color,Beige,,1,,,,,,,,,,,,,,,,,,,,,,,,,,,,,,,,,,,,,,,,,
9970,variation,,"Adidas Men Shoes 001",1,0,visible,,,,,taxable,parent,1,,,0,0,,,,,0,,,1299,,,,,,,id:9233,,,,,,2,"UK Size",8,,1,,Color,Black,,1,,,,,,,,,,,,,,,,,,,,,,,,,,,,,,,,,,,,,,,,,
9971,variation,,"Adidas Men Shoes 001",1,0,visible,,,,,taxable,parent,1,,,0,0,,,,,0,,,1299,,,,,,,id:9233,,,,,,3,"UK Size",8,,1,,Color,Blue,,1,,,,,,,,,,,,,,,,,,,,,,,,,,,,,,,,,,,,,,,,,
9972,variation,,"Adidas Men Shoes 001",1,0,visible,,,,,taxable,parent,1,,,0,0,,,,,0,,,1299,,,,,,,id:9233,,,,,,4,"UK Size",8,,1,,Color,Brown,,1,,,,,,,,,,,,,,,,,,,,,,,,,,,,,,,,,,,,,,,,,
9973,variation,,"Adidas Men Shoes 001",1,0,visible,,,,,taxable,parent,1,,,0,0,,,,,0,,,1299,,,,,,,id:9233,,,,,,5,"UK Size",8,,1,,Color,Yellow,,1,,,,,,,,,,,,,,,,,,,,,,,,,,,,,,,,,,,,,,,,,
9974,variation,,"Adidas Men Shoes 001",1,0,visible,,,,,taxable,parent,1,,,0,0,,,,,0,,,1299,,,,,,,id:9233,,,,,,6,"UK Size",9,,1,,Color,Beige,,1,,,,,,,,,,,,,,,,,,,,,,,,,,,,,,,,,,,,,,,,,
9975,variation,,"Adidas Men Shoes 001",1,0,visible,,,,,taxable,parent,1,,,0,0,,,,,0,,,1299,,,,,,,id:9233,,,,,,7,"UK Size",9,,1,,Color,Black,,1,,,,,,,,,,,,,,,,,,,,,,,,,,,,,,,,,,,,,,,,,
9976,variation,,"Adidas Men Shoes 001",1,0,visible,,,,,taxable,parent,1,,,0,0,,,,,0,,,1299,,,,,,,id:9233,,,,,,8,"UK Size",9,,1,,Color,Blue,,1,,,,,,,,,,,,,,,,,,,,,,,,,,,,,,,,,,,,,,,,,
9977,variation,,"Adidas Men Shoes 001",1,0,visible,,,,,taxable,parent,1,,,0,0,,,,,0,,,1299,,,,,,,id:9233,,,,,,9,"UK Size",9,,1,,Color,Brown,,1,,,,,,,,,,,,,,,,,,,,,,,,,,,,,,,,,,,,,,,,,
9978,variation,,"Adidas Men Shoes 001",1,0,visible,,,,,taxable,parent,1,,,0,0,,,,,0,,,1299,,,,,,,id:9233,,,,,,10,"UK Size",9,,1,,Color,Yellow,,1,,,,,,,,,,,,,,,,,,,,,,,,,,,,,,,,,,,,,,,,,
9979,variation,,"Adidas Men Shoes 001",1,0,visible,,,,,taxable,parent,1,,,0,0,,,,,0,,,1299,,,,,,,id:9233,,,,,,11,"UK Size",10,,1,,Color,Beige,,1,,,,,,,,,,,,,,,,,,,,,,,,,,,,,,,,,,,,,,,,,
9980,variation,,"Adidas Men Shoes 001",1,0,visible,,,,,taxable,parent,1,,,0,0,,,,,0,,,1299,,,,,,,id:9233,,,,,,12,"UK Size",10,,1,,Color,Black,,1,,,,,,,,,,,,,,,,,,,,,,,,,,,,,,,,,,,,,,,,,
9981,variation,,"Adidas Men Shoes 001",1,0,visible,,,,,taxable,parent,1,,,0,0,,,,,0,,,1299,,,,,,,id:9233,,,,,,13,"UK Size",10,,1,,Color,Blue,,1,,,,,,,,,,,,,,,,,,,,,,,,,,,,,,,,,,,,,,,,,
9982,variation,,"Adidas Men Shoes 001",1,0,visible,,,,,taxable,parent,1,,,0,0,,,,,0,,,1299,,,,,,,id:9233,,,,,,14,"UK Size",10,,1,,Color,Brown,,1,,,,,,,,,,,,,,,,,,,,,,,,,,,,,,,,,,,,,,,,,
9983,variation,,"Adidas Men Shoes 001",1,0,visible,,,,,taxable,parent,1,,,0,0,,,,,0,,,1299,,,,,,,id:9233,,,,,,15,"UK Size",10,,1,,Color,Yellow,,1,,,,,,,,,,,,,,,,,,,,,,,,,,,,,,,,,,,,,,,,,
9984,variation,,"Adidas Men Shoes 001",1,0,visible,,,,,taxable,parent,1,,,0,0,,,,,0,,,,,,,,,,id:9233,,,,,,16,"UK Size",11,,1,,Color,Beige,,1,,,,,,,,,,,,,,,,,,,,,,,,,,,,,,,,,,,,,,,,,
9985,variation,,"Adidas Men Shoes 001",1,0,visible,,,,,taxable,parent,1,,,0,0,,,,,0,,,,,,,,,,id:9233,,,,,,17,"UK Size",11,,1,,Color,Black,,1,,,,,,,,,,,,,,,,,,,,,,,,,,,,,,,,,,,,,,,,,
9986,variation,,"Adidas Men Shoes 001",1,0,visible,,,,,taxable,parent,1,,,0,0,,,,,0,,,,,,,,,,id:9233,,,,,,18,"UK Size",11,,1,,Color,Blue,,1,,,,,,,,,,,,,,,,,,,,,,,,,,,,,,,,,,,,,,,,,
9987,variation,,"Adidas Men Shoes 001",1,0,visible,,,,,taxable,parent,1,,,0,0,,,,,0,,,,,,,,,,id:9233,,,,,,19,"UK Size",11,,1,,Color,Brown,,1,,,,,,,,,,,,,,,,,,,,,,,,,,,,,,,,,,,,,,,,,
9988,variation,,"Adidas Men Shoes 001",1,0,visible,,,,,taxable,parent,1,,,0,0,,,,,0,,,,,,,,,,id:9233,,,,,,20,"UK Size",11,,1,,Color,Yellow,,1,,,,,,,,,,,,,,,,,,,,,,,,,,,,,,,,,,,,,,,,,
9990,variation,,"Adidas Men Shoes 002",1,0,visible,,,,,taxable,parent,1,,,0,0,,,,,0,,,8994,,,,,,,id:9268,,,,,,6,"UK Size",10x6,,1,,Color,Beige,,1,,,,,,,,,,,,,,,,,,,,,,,,,,,,,,,,,,,,,,,,,
9991,variation,,"Adidas Men Shoes 002",1,0,visible,,,,,taxable,parent,1,,,0,0,,,,,0,,,8994,,,,,,,id:9268,,,,,,7,"UK Size",10x6,,1,,Color,Black,,1,,,,,,,,,,,,,,,,,,,,,,,,,,,,,,,,,,,,,,,,,
9992,variation,,"Adidas Men Shoes 002",1,0,visible,,,,,taxable,parent,1,,,0,0,,,,,0,,,8994,,,,,,,id:9268,,,,,,8,"UK Size",10x6,,1,,Color,Blue,,1,,,,,,,,,,,,,,,,,,,,,,,,,,,,,,,,,,,,,,,,,
9993,variation,,"Adidas Men Shoes 002",1,0,visible,,,,,taxable,parent,1,,,0,0,,,,,0,,,8994,,,,,,,id:9268,,,,,,9,"UK Size",10x6,,1,,Color,Brown,,1,,,,,,,,,,,,,,,,,,,,,,,,,,,,,,,,,,,,,,,,,
9994,variation,,"Adidas Men Shoes 002",1,0,visible,,,,,taxable,parent,1,,,0,0,,,,,0,,,8994,,,,,,,id:9268,,,,,,10,"UK Size",10x6,,1,,Color,Yellow,,1,,,,,,,,,,,,,,,,,,,,,,,,,,,,,,,,,,,,,,,,,
9995,variation,,"Adidas Men Shoes 002",1,0,visible,,,,,taxable,parent,1,,,0,0,,,,,0,,,11992,,,,,,,id:9268,,,,,,11,"UK Size",8x8,,1,,Color,Beige,,1,,,,,,,,,,,,,,,,,,,,,,,,,,,,,,,,,,,,,,,,,
9996,variation,,"Adidas Men Shoes 002",1,0,visible,,,,,taxable,parent,1,,,0,0,,,,,0,,,11992,,,,,,,id:9268,,,,,,12,"UK Size",8x8,,1,,Color,Black,,1,,,,,,,,,,,,,,,,,,,,,,,,,,,,,,,,,,,,,,,,,
9997,variation,,"Adidas Men Shoes 002",1,0,visible,,,,,taxable,parent,1,,,0,0,,,,,0,,,11992,,,,,,,id:9268,,,,,,13,"UK Size",8x8,,1,,Color,Blue,,1,,,,,,,,,,,,,,,,,,,,,,,,,,,,,,,,,,,,,,,,,
9998,variation,,"Adidas Men Shoes 002",1,0,visible,,,,,taxable,parent,1,,,0,0,,,,,0,,,11992,,,,,,,id:9268,,,,,,14,"UK Size",8x8,,1,,Color,Brown,,1,,,,,,,,,,,,,,,,,,,,,,,,,,,,,,,,,,,,,,,,,
9999,variation,,"Adidas Men Shoes 002",1,0,visible,,,,,taxable,parent,1,,,0,0,,,,,0,,,11992,,,,,,,id:9268,,,,,,15,"UK Size",8x8,,1,,Color,Yellow,,1,,,,,,,,,,,,,,,,,,,,,,,,,,,,,,,,,,,,,,,,,
10000,variation,,"Adidas Men Shoes 002",1,0,visible,,,,,taxable,parent,1,,,0,0,,,,,0,,,11992,,,,,,,id:9268,,,,,,1,"UK Size",12x8,,1,,Color,Beige,,1,,,,,,,,,,,,,,,,,,,,,,,,,,,,,,,,,,,,,,,,,
10001,variation,,"Adidas Men Shoes 002",1,0,visible,,,,,taxable,parent,1,,,0,0,,,,,0,,,11992,,,,,,,id:9268,,,,,,2,"UK Size",12x8,,1,,Color,Black,,1,,,,,,,,,,,,,,,,,,,,,,,,,,,,,,,,,,,,,,,,,
10002,variation,,"Adidas Men Shoes 002",1,0,visible,,,,,taxable,parent,1,,,0,0,,,,,0,,,11992,,,,,,,id:9268,,,,,,3,"UK Size",12x8,,1,,Color,Blue,,1,,,,,,,,,,,,,,,,,,,,,,,,,,,,,,,,,,,,,,,,,
10003,variation,,"Adidas Men Shoes 002",1,0,visible,,,,,taxable,parent,1,,,0,0,,,,,0,,,11992,,,,,,,id:9268,,,,,,4,"UK Size",12x8,,1,,Color,Brown,,1,,,,,,,,,,,,,,,,,,,,,,,,,,,,,,,,,,,,,,,,,
10004,variation,,"Adidas Men Shoes 002",1,0,visible,,,,,taxable,parent,1,,,0,0,,,,,0,,,11992,,,,,,,id:9268,,,,,,5,"UK Size",12x8,,1,,Color,Yellow,,1,,,,,,,,,,,,,,,,,,,,,,,,,,,,,,,,,,,,,,,,,
10037,variable,TEST001,"Test Product 001",1,0,visible,,"Test Product Description",,,taxable,,1,,,0,0,,,,,1,,,,Men,,,"https://sarwadarifootwear.in/wp-content/uploads/2023/07/Nike-Kids-4.jpg, https://sarwadarifootwear.in/wp-content/uploads/2023/07/Nike-Kids-3.jpg, https://sarwadarifootwear.in/wp-content/uploads/2023/07/Nike-Kids-1.jpg",,,,,,,,,0,Color,"Beige, Black, Brown",1,1,,"Combo Size","10x6, 8x8",1,1,,,,,,default,none,,,,none,default,default,none,,,,,,,,inherit,inherit,,after,inherit,,,,text,,,,text,,,,,,,
10038,variation,,"Test Product 001",1,0,visible,,,,,taxable,parent,1,,,0,0,,,,,0,,,600,,,,,,,TEST001,,,,,,1,Color,Beige,,1,,"Combo Size",10x6,,1,,,,,,,,,,,,,,,,,,,,,,,,,,,,,,,,,,,,,,,,,
10039,variation,,"Test Product 001",1,0,visible,,,,,taxable,parent,1,,,0,0,,,,,0,,700,800,,,,,,,TEST001,,,,,,2,Color,Beige,,1,,"Combo Size",8x8,,1,,,,,,,,,,,,,,,,,,,,,,,,,,,,,,,,,,,,,,,,,
10040,variation,,"Test Product 001",1,0,visible,,,,,taxable,parent,1,,,0,0,,,,,0,,,600,,,,,,,TEST001,,,,,,3,Color,Black,,1,,"Combo Size",10x6,,1,,,,,,,,,,,,,,,,,,,,,,,,,,,,,,,,,,,,,,,,,
10041,variation,,"Test Product 001",1,0,visible,,,,,taxable,parent,1,,,0,0,,,,,0,,700,800,,,,,,,TEST001,,,,,,4,Color,Black,,1,,"Combo Size",8x8,,1,,,,,,,,,,,,,,,,,,,,,,,,,,,,,,,,,,,,,,,,,
10042,variation,,"Test Product 001",1,0,visible,,,,,taxable,parent,1,,,0,0,,,,,0,,,600,,,,,,,TEST001,,,,,,5,Color,Brown,,1,,"Combo Size",10x6,,1,,,,,,,,,,,,,,,,,,,,,,,,,,,,,,,,,,,,,,,,,
10043,variation,,"Test Product 001",1,0,visible,,,,,taxable,parent,1,,,0,0,,,,,0,,700,800,,,,,,,TEST001,,,,,,6,Color,Brown,,1,,"Combo Size",8x8,,1,,,,,,,,,,,,,,,,,,,,,,,,,,,,,,,,,,,,,,,,,
